{
  "collection_id": 2,
  "name": "Fitness Handbook",
  "description": "This Clemson University Army ROTC handbook provides a comprehensive guide to achieving physical readiness. It outlines core training principles like intensity, duration, and the \"overload\" principle. The manual includes a diagnostic fitness test and detailed four-week workout plans\u2014alternating between strength and cardiovascular endurance\u2014to help cadets master the Army Physical Fitness Test.",
  "repository_type": "knowledge",
  "mcp_server_id": null,
  "chunking_strategy": "semantic",
  "chunk_size": 1000,
  "chunk_overlap": 200,
  "embedding_model": "all-mpnet-base-v2",
  "collection_name": "tda_rag_coll_2_9cb931",
  "chroma_uuid": "5861804f-05f7-4fcc-9f30-498372eebcf4",
  "chroma_segment_id": "bb6ff9fe-ffa8-4cf6-ba6a-d13e6c857be2",
  "document_count": 1120,
  "exported_at": "2026-01-06T00:00:18.379744+00:00",
  "export_version": "1.0"
}