{
  "collection_id": 3,
  "name": "Fitness DB - Customer Experience / Product Marketing / Sales Reporting",
  "description": "",
  "repository_type": "planner",
  "mcp_server_id": "1763483266562-a6kulj4xc",
  "chunking_strategy": "none",
  "chunk_size": 1000,
  "chunk_overlap": 200,
  "embedding_model": "all-MiniLM-L6-v2",
  "collection_name": "tda_rag_coll_2_fdc5a0",
  "chroma_uuid": "fa110e62-9a76-4a1d-9ae0-ea1677bc147e",
  "chroma_segment_id": "90157102-b775-4865-8f5f-caa1ce28a116",
  "document_count": 49,
  "exported_at": "2026-01-07T13:14:13.906536+00:00",
  "export_version": "1.0"
}